"year","week_num","region1","region2","region3","region4","region5","region6","region7","region8","region9","region10"
1997,40,44,3,32,46,89,5,27,5,243,76
1997,41,57,2,42,44,104,6,15,9,274,62
1997,42,85,1,46,54,186,6,13,3,241,46
1997,43,125,1,32,17,222,7,16,8,214,11
1997,44,73,14,22,43,272,11,12,8,224,21
1997,45,74,20,2,45,282,11,9,7,173,32
1997,46,56,16,51,62,300,14,31,47,298,57
1997,47,66,24,53,65,396,17,29,63,363,24
1997,48,80,1,43,60,341,13,13,16,302,17
1997,49,120,7,46,76,393,16,24,113,282,21
1997,50,96,9,55,110,386,17,37,26,324,23
1997,51,66,11,50,86,254,10,22,25,434,46
1997,52,76,11,69,304,423,26,20,50,495,45
1997,53,208,5,102,133,569,48,64,40,724,53
1998,1,182,6,151,333,547,57,72,38,966,63
1998,2,154,7,175,325,625,44,122,144,946,71
1998,3,258,31,170,246,905,32,222,229,906,127
1998,4,429,37,133,331,1277,29,318,218,562,103
1998,5,632,40,127,208,1158,49,295,178,579,88
1998,6,497,11,122,320,895,45,186,120,333,88
1998,7,411,5,110,195,660,35,83,64,311,74
1998,8,197,11,67,110,433,29,73,64,261,44
1998,9,98,7,60,77,249,16,49,60,163,48
1998,10,40,12,56,56,313,16,20,32,159,44
1998,11,20,15,49,58,234,8,27,27,115,32
1998,12,19,21,45,40,158,3,4,0,174,22
1998,13,14,9,44,36,141,1,13,23,56,21
1998,14,13,18,39,29,160,0,14,25,50,20
1998,15,5,1,29,20,95,2,20,13,50,27
1998,16,6,2,42,29,96,2,10,18,48,12
1998,17,3,9,18,40,110,0,13,7,48,18
1998,18,5,1,17,36,97,0,11,2,30,10
1998,19,4,1,19,15,73,0,11,0,49,14
1998,20,2,1,21,14,63,0,3,0,48,13
1998,21,NA,NA,NA,NA,NA,NA,NA,NA,NA,NA
1998,22,NA,NA,NA,NA,NA,NA,NA,NA,NA,NA
1998,23,NA,NA,NA,NA,NA,NA,NA,NA,NA,NA
1998,24,NA,NA,NA,NA,NA,NA,NA,NA,NA,NA
1998,25,NA,NA,NA,NA,NA,NA,NA,NA,NA,NA
1998,26,NA,NA,NA,NA,NA,NA,NA,NA,NA,NA
1998,27,NA,NA,NA,NA,NA,NA,NA,NA,NA,NA
1998,28,NA,NA,NA,NA,NA,NA,NA,NA,NA,NA
1998,29,NA,NA,NA,NA,NA,NA,NA,NA,NA,NA
1998,30,NA,NA,NA,NA,NA,NA,NA,NA,NA,NA
1998,31,NA,NA,NA,NA,NA,NA,NA,NA,NA,NA
1998,32,NA,NA,NA,NA,NA,NA,NA,NA,NA,NA
1998,33,NA,NA,NA,NA,NA,NA,NA,NA,NA,NA
1998,34,NA,NA,NA,NA,NA,NA,NA,NA,NA,NA
1998,35,NA,NA,NA,NA,NA,NA,NA,NA,NA,NA
1998,36,NA,NA,NA,NA,NA,NA,NA,NA,NA,NA
1998,37,NA,NA,NA,NA,NA,NA,NA,NA,NA,NA
1998,38,NA,NA,NA,NA,NA,NA,NA,NA,NA,NA
1998,39,NA,NA,NA,NA,NA,NA,NA,NA,NA,NA
1998,40,45,23,48,50,103,2,32,42,131,14
1998,41,38,14,49,108,142,6,56,55,109,28
1998,42,62,19,60,80,141,46,76,118,155,26
1998,43,37,0,64,145,417,17,115,110,143,38
1998,44,47,32,123,148,127,88,83,144,217,25
1998,45,67,20,106,208,147,45,76,125,209,19
1998,46,68,16,100,212,156,73,100,212,221,20
1998,47,40,9,166,193,342,59,56,105,217,21
1998,48,68,18,128,224,255,60,97,95,207,24
1998,49,71,12,130,219,268,58,136,106,180,22
1998,50,48,21,110,190,191,71,152,99,243,16
1998,51,68,0,115,168,156,51,66,115,305,20
1998,52,70,5,104,190,243,162,90,105,431,23
1999,1,101,9,112,251,202,151,105,185,612,52
1999,2,153,13,215,371,344,338,106,247,549,71
1999,3,203,37,283,622,642,344,263,514,903,53
1999,4,246,35,327,649,1018,374,318,676,827,75
1999,5,563,36,306,722,1694,364,560,612,732,81
1999,6,553,27,515,602,1937,316,473,550,681,114
1999,7,448,15,353,533,1773,378,468,415,433,104
1999,8,473,18,382,537,1436,362,316,333,543,86
1999,9,431,17,323,506,1186,274,243,315,556,59
1999,10,252,17,277,460,753,178,179,243,526,37
1999,11,139,9,295,235,590,128,179,153,306,36
1999,12,128,12,195,229,330,84,96,124,462,36
1999,13,67,6,114,120,208,63,86,97,305,25
1999,14,51,0,82,77,116,24,36,37,184,25
1999,15,26,7,74,45,69,10,37,36,75,17
1999,16,21,0,60,44,33,6,31,16,49,11
1999,17,28,0,60,29,40,9,34,13,172,14
1999,18,9,13,51,16,20,1,22,14,31,3
1999,19,12,10,73,19,15,2,22,9,124,6
1999,20,1,13,62,19,26,0,25,4,127,6
1999,21,NA,NA,NA,NA,NA,NA,NA,NA,NA,NA
1999,22,NA,NA,NA,NA,NA,NA,NA,NA,NA,NA
1999,23,NA,NA,NA,NA,NA,NA,NA,NA,NA,NA
1999,24,NA,NA,NA,NA,NA,NA,NA,NA,NA,NA
1999,25,NA,NA,NA,NA,NA,NA,NA,NA,NA,NA
1999,26,NA,NA,NA,NA,NA,NA,NA,NA,NA,NA
1999,27,NA,NA,NA,NA,NA,NA,NA,NA,NA,NA
1999,28,NA,NA,NA,NA,NA,NA,NA,NA,NA,NA
1999,29,NA,NA,NA,NA,NA,NA,NA,NA,NA,NA
1999,30,NA,NA,NA,NA,NA,NA,NA,NA,NA,NA
1999,31,NA,NA,NA,NA,NA,NA,NA,NA,NA,NA
1999,32,NA,NA,NA,NA,NA,NA,NA,NA,NA,NA
1999,33,NA,NA,NA,NA,NA,NA,NA,NA,NA,NA
1999,34,NA,NA,NA,NA,NA,NA,NA,NA,NA,NA
1999,35,NA,NA,NA,NA,NA,NA,NA,NA,NA,NA
1999,36,NA,NA,NA,NA,NA,NA,NA,NA,NA,NA
1999,37,NA,NA,NA,NA,NA,NA,NA,NA,NA,NA
1999,38,NA,NA,NA,NA,NA,NA,NA,NA,NA,NA
1999,39,NA,NA,NA,NA,NA,NA,NA,NA,NA,NA
1999,40,22,0,73,246,109,8,55,92,166,20
1999,41,50,17,74,320,109,68,70,103,167,19
1999,42,30,20,82,348,170,44,56,66,233,18
1999,43,40,11,56,287,194,44,79,104,264,10
1999,44,95,23,80,432,189,123,99,92,427,10
1999,45,69,30,77,405,250,114,92,82,437,14
1999,46,78,16,82,457,268,148,72,161,401,18
1999,47,86,30,47,375,291,211,52,122,603,16
1999,48,136,28,78,451,445,367,149,227,575,28
1999,49,166,71,93,555,545,369,182,481,763,39
1999,50,224,63,130,639,1097,401,346,523,746,39
1999,51,244,89,207,810,1282,551,368,733,828,56
1999,52,357,84,266,1209,1845,693,568,831,931,62
2000,1,526,171,471,1512,1750,686,451,761,891,53
2000,2,485,74,398,1268,1224,433,413,431,694,50
2000,3,271,89,279,965,773,212,272,272,695,29
2000,4,193,37,258,767,558,135,179,178,567,29
2000,5,143,59,182,600,459,114,131,200,566,24
2000,6,105,68,146,495,455,61,119,155,597,22
2000,7,84,35,127,307,270,47,115,108,570,5
2000,8,66,26,121,246,181,14,55,68,543,5
2000,9,43,45,103,293,203,20,40,112,522,4
2000,10,32,32,112,210,163,11,37,46,442,3
2000,11,49,36,91,172,120,17,45,32,372,0
2000,12,29,18,86,166,110,12,45,38,411,2
2000,13,20,43,88,151,97,5,34,32,367,0
2000,14,18,41,92,106,78,15,33,36,246,1
2000,15,13,24,50,115,73,2,22,30,192,1
2000,16,10,11,52,143,58,5,25,6,36,1
2000,17,12,15,37,131,55,5,35,23,34,0
2000,18,11,9,44,143,60,5,24,0,28,0
2000,19,5,11,42,67,54,3,30,11,15,1
2000,20,3,0,34,80,38,2,25,0,37,0
2000,21,NA,NA,NA,NA,NA,NA,NA,NA,NA,NA
2000,22,NA,NA,NA,NA,NA,NA,NA,NA,NA,NA
2000,23,NA,NA,NA,NA,NA,NA,NA,NA,NA,NA
2000,24,NA,NA,NA,NA,NA,NA,NA,NA,NA,NA
2000,25,NA,NA,NA,NA,NA,NA,NA,NA,NA,NA
2000,26,NA,NA,NA,NA,NA,NA,NA,NA,NA,NA
2000,27,NA,NA,NA,NA,NA,NA,NA,NA,NA,NA
2000,28,NA,NA,NA,NA,NA,NA,NA,NA,NA,NA
2000,29,NA,NA,NA,NA,NA,NA,NA,NA,NA,NA
2000,30,NA,NA,NA,NA,NA,NA,NA,NA,NA,NA
2000,31,NA,NA,NA,NA,NA,NA,NA,NA,NA,NA
2000,32,NA,NA,NA,NA,NA,NA,NA,NA,NA,NA
2000,33,NA,NA,NA,NA,NA,NA,NA,NA,NA,NA
2000,34,NA,NA,NA,NA,NA,NA,NA,NA,NA,NA
2000,35,NA,NA,NA,NA,NA,NA,NA,NA,NA,NA
2000,36,NA,NA,NA,NA,NA,NA,NA,NA,NA,NA
2000,37,NA,NA,NA,NA,NA,NA,NA,NA,NA,NA
2000,38,NA,NA,NA,NA,NA,NA,NA,NA,NA,NA
2000,39,NA,NA,NA,NA,NA,NA,NA,NA,NA,NA
2000,40,49,13,14,417,309,8,97,3,129,2
2000,41,65,10,43,419,351,17,120,58,128,23
2000,42,50,14,68,674,421,39,97,71,115,12
2000,43,36,19,99,779,441,46,132,53,145,31
2000,44,44,16,86,733,371,37,57,79,421,26
2000,45,64,34,87,775,566,42,125,97,410,29
2000,46,69,29,171,960,452,32,131,172,409,24
2000,47,54,39,232,764,481,33,107,176,517,14
2000,48,87,74,160,989,569,73,68,190,616,28
2000,49,158,140,143,1046,503,97,136,135,717,22
2000,50,87,90,134,1252,571,174,119,170,756,41
2000,51,96,41,152,1239,582,275,89,176,669,42
2000,52,142,64,153,982,747,446,105,341,1123,49
2001,1,218,89,222,1285,774,625,92,353,1106,32
2001,2,234,100,244,1586,912,473,235,545,1159,56
2001,3,283,235,347,2019,1224,442,372,710,1028,57
2001,4,446,291,351,2395,1719,470,465,705,1002,64
2001,5,501,367,465,2058,1683,250,377,622,909,55
2001,6,430,277,424,1890,1520,141,315,574,843,62
2001,7,319,168,371,1358,1146,145,189,480,632,24
2001,8,269,141,278,1099,875,100,244,392,506,19
2001,9,168,80,164,527,774,87,166,145,478,17
2001,10,107,62,160,766,667,27,139,246,363,25
2001,11,63,48,114,719,433,27,77,97,334,31
2001,12,59,48,113,712,407,6,87,120,315,12
2001,13,46,45,101,611,293,14,62,31,380,7
2001,14,45,29,82,463,267,6,68,38,246,12
2001,15,40,23,71,352,130,20,49,12,247,6
2001,16,35,27,77,341,138,12,43,35,281,8
2001,17,16,24,66,290,98,2,43,21,202,9
2001,18,26,18,71,273,93,0,34,29,180,10
2001,19,27,17,69,268,83,20,35,16,125,11
2001,20,41,13,30,265,48,2,35,0,36,0
2001,21,NA,NA,NA,NA,NA,NA,NA,NA,NA,NA
2001,22,NA,NA,NA,NA,NA,NA,NA,NA,NA,NA
2001,23,NA,NA,NA,NA,NA,NA,NA,NA,NA,NA
2001,24,NA,NA,NA,NA,NA,NA,NA,NA,NA,NA
2001,25,NA,NA,NA,NA,NA,NA,NA,NA,NA,NA
2001,26,NA,NA,NA,NA,NA,NA,NA,NA,NA,NA
2001,27,NA,NA,NA,NA,NA,NA,NA,NA,NA,NA
2001,28,NA,NA,NA,NA,NA,NA,NA,NA,NA,NA
2001,29,NA,NA,NA,NA,NA,NA,NA,NA,NA,NA
2001,30,NA,NA,NA,NA,NA,NA,NA,NA,NA,NA
2001,31,NA,NA,NA,NA,NA,NA,NA,NA,NA,NA
2001,32,NA,NA,NA,NA,NA,NA,NA,NA,NA,NA
2001,33,NA,NA,NA,NA,NA,NA,NA,NA,NA,NA
2001,34,NA,NA,NA,NA,NA,NA,NA,NA,NA,NA
2001,35,NA,NA,NA,NA,NA,NA,NA,NA,NA,NA
2001,36,NA,NA,NA,NA,NA,NA,NA,NA,NA,NA
2001,37,NA,NA,NA,NA,NA,NA,NA,NA,NA,NA
2001,38,NA,NA,NA,NA,NA,NA,NA,NA,NA,NA
2001,39,NA,NA,NA,NA,NA,NA,NA,NA,NA,NA
2001,40,93,81,87,230,314,17,145,19,367,15
2001,41,122,118,117,316,466,23,116,82,361,26
2001,42,171,128,117,334,446,33,110,76,492,25
2001,43,196,176,163,355,542,32,128,88,508,16
2001,44,166,176,155,561,555,36,156,53,469,44
2001,45,158,210,155,417,709,44,125,74,403,32
2001,46,104,164,136,415,615,44,125,84,804,17
2001,47,125,130,126,277,571,8,107,82,633,31
2001,48,143,176,120,437,723,34,117,117,655,44
2001,49,152,189,126,302,644,43,99,161,510,49
2001,50,158,161,119,273,580,25,98,146,568,41
2001,51,135,151,145,282,645,71,96,163,555,35
2001,52,164,169,138,309,601,48,77,142,591,26
2002,1,179,192,184,319,753,15,71,183,631,41
2002,2,219,249,142,500,655,39,120,263,658,30
2002,3,220,347,267,795,752,146,122,405,638,51
2002,4,297,747,324,881,962,130,269,416,722,49
2002,5,519,692,380,916,1059,249,325,537,846,34
2002,6,509,400,353,956,1327,183,400,517,906,73
2002,7,552,311,317,946,1620,229,469,334,1031,115
2002,8,405,290,287,1029,1698,213,356,282,1144,56
2002,9,304,237,351,980,1544,206,296,246,899,41
2002,10,157,222,251,489,1073,117,262,171,839,50
2002,11,126,298,252,359,801,114,157,164,660,46
2002,12,115,215,217,289,760,42,129,42,561,47
2002,13,101,135,155,187,670,14,81,46,616,74
2002,14,113,118,158,200,533,18,110,50,319,36
2002,15,79,63,146,87,365,49,91,32,244,13
2002,16,98,56,105,89,303,3,87,30,237,10
2002,17,52,44,89,110,214,0,71,17,228,5
2002,18,27,34,90,49,158,0,66,23,225,0
2002,19,28,34,72,84,178,0,57,26,191,3
2002,20,31,29,59,44,117,0,65,27,202,2
2002,21,NA,NA,NA,NA,NA,NA,NA,NA,NA,NA
2002,22,NA,NA,NA,NA,NA,NA,NA,NA,NA,NA
2002,23,NA,NA,NA,NA,NA,NA,NA,NA,NA,NA
2002,24,NA,NA,NA,NA,NA,NA,NA,NA,NA,NA
2002,25,NA,NA,NA,NA,NA,NA,NA,NA,NA,NA
2002,26,NA,NA,NA,NA,NA,NA,NA,NA,NA,NA
2002,27,NA,NA,NA,NA,NA,NA,NA,NA,NA,NA
2002,28,NA,NA,NA,NA,NA,NA,NA,NA,NA,NA
2002,29,NA,NA,NA,NA,NA,NA,NA,NA,NA,NA
2002,30,NA,NA,NA,NA,NA,NA,NA,NA,NA,NA
2002,31,NA,NA,NA,NA,NA,NA,NA,NA,NA,NA
2002,32,NA,NA,NA,NA,NA,NA,NA,NA,NA,NA
2002,33,NA,NA,NA,NA,NA,NA,NA,NA,NA,NA
2002,34,NA,NA,NA,NA,NA,NA,NA,NA,NA,NA
2002,35,NA,NA,NA,NA,NA,NA,NA,NA,NA,NA
2002,36,NA,NA,NA,NA,NA,NA,NA,NA,NA,NA
2002,37,NA,NA,NA,NA,NA,NA,NA,NA,NA,NA
2002,38,NA,NA,NA,NA,NA,NA,NA,NA,NA,NA
2002,39,NA,NA,NA,NA,NA,NA,NA,NA,NA,NA
2002,40,119,205,128,499,518,13,111,120,345,2
2002,41,87,335,112,516,603,19,89,103,393,10
2002,42,75,293,159,493,596,31,106,118,291,14
2002,43,108,336,163,568,650,46,107,168,441,12
2002,44,115,329,157,664,728,81,128,225,458,22
2002,45,104,369,220,702,786,121,165,174,562,22
2002,46,88,380,188,644,774,88,147,184,576,28
2002,47,88,342,195,675,685,130,109,205,530,8
2002,48,110,322,218,573,587,94,86,218,486,15
2002,49,125,414,202,622,631,106,166,224,541,18
2002,50,122,326,208,590,686,211,148,258,385,23
2002,51,132,396,177,682,659,407,208,299,440,16
2002,52,99,310,180,638,620,143,194,222,441,10
2003,1,110,269,176,944,695,151,229,229,436,21
2003,2,109,281,235,841,737,256,213,316,711,30
2003,3,190,415,213,1010,800,259,286,306,693,32
2003,4,207,362,339,1462,1315,523,434,436,590,28
2003,5,288,378,372,2205,1622,394,476,721,609,14
2003,6,449,428,563,2144,1778,309,362,759,944,46
2003,7,504,427,602,2045,1538,388,232,894,976,43
2003,8,395,339,515,2052,1466,131,201,937,1140,52
2003,9,337,258,441,1202,1094,130,229,770,1109,36
2003,10,291,137,276,998,877,191,138,692,808,42
2003,11,249,215,302,726,656,110,129,540,847,36
2003,12,119,195,246,716,580,71,110,375,545,30
2003,13,92,161,202,676,368,53,101,324,437,25
2003,14,75,158,162,518,379,51,89,251,339,6
2003,15,56,149,173,572,270,47,82,207,519,7
2003,16,57,88,135,419,233,43,83,121,275,13
2003,17,51,78,174,479,222,29,83,84,235,10
2003,18,48,66,122,341,130,23,84,54,204,3
2003,19,48,51,156,361,117,15,60,20,175,2
2003,20,31,98,119,162,141,7,82,13,180,3
2003,21,13,74,86,261,72,17,33,3,170,11
2003,22,13,101,84,168,60,16,55,3,138,3
2003,23,5,62,75,170,60,13,34,3,138,3
2003,24,7,67,109,229,55,11,29,0,112,1
2003,25,17,48,71,146,31,8,23,1,78,0
2003,26,10,33,84,112,46,18,22,0,115,1
2003,27,7,29,66,62,37,6,18,4,89,0
2003,28,8,50,82,119,41,8,25,0,107,1
2003,29,7,36,47,146,25,11,23,0,69,1
2003,30,9,55,48,178,28,9,16,1,74,2
2003,31,9,39,53,107,47,3,22,3,77,1
2003,32,15,39,66,154,50,13,20,0,86,0
2003,33,9,41,63,142,39,14,17,1,95,0
2003,34,9,65,52,147,42,11,20,0,104,0
2003,35,20,54,59,143,49,13,22,2,101,0
2003,36,11,49,70,178,42,16,20,1,132,0
2003,37,5,62,78,111,43,18,46,2,109,1
2003,38,5,65,93,59,49,16,55,1,115,3
2003,39,32,92,76,92,62,25,40,1,110,3
2003,40,86,118,163,744,458,76,94,123,556,24
2003,41,84,175,176,988,494,128,154,255,454,24
2003,42,116,169,163,1038,497,162,114,306,430,36
2003,43,123,179,173,1239,569,358,143,197,450,44
2003,44,168,233,334,1556,526,720,180,371,518,84
2003,45,186,243,351,1720,608,1360,156,513,564,89
2003,46,199,326,512,2108,892,1419,235,1591,944,159
2003,47,275,376,748,2385,1225,1316,238,2928,1341,309
2003,48,259,330,882,2420,1432,952,489,2938,1707,333
2003,49,563,665,1153,5032,2839,1715,879,3201,2517,384
2003,50,1225,1358,1485,7102,5247,1420,1861,2367,2547,350
2003,51,1501,1394,1621,7246,5754,1021,1180,1475,2217,290
2003,52,1134,1065,1352,4849,4041,589,798,881,1588,118
2003,53,931,622,1161,3113,2650,472,422,690,1167,104
2004,1,694,450,769,2418,1486,329,219,512,659,66
2004,2,422,290,591,1688,1091,305,145,347,665,39
2004,3,302,253,466,1447,920,229,155,450,688,51
2004,4,174,244,341,1487,765,259,139,405,553,69
2004,5,131,218,382,1305,819,167,114,389,682,44
2004,6,116,176,508,1143,705,140,138,329,518,51
2004,7,100,199,477,1161,564,130,128,286,611,35
2004,8,79,176,436,784,590,91,117,186,432,25
2004,9,63,113,401,789,505,94,106,224,421,28
2004,10,63,145,517,668,534,71,122,172,387,29
2004,11,61,121,411,716,476,61,59,166,397,19
2004,12,57,142,384,577,491,56,76,152,352,13
2004,13,48,141,386,462,353,47,38,96,274,13
2004,14,30,104,251,508,353,45,44,96,264,10
2004,15,34,89,334,469,383,39,43,89,253,16
2004,16,38,106,306,483,342,30,25,66,211,8
2004,17,23,79,257,412,280,28,35,14,191,12
2004,18,22,83,228,401,325,23,63,12,223,14
2004,19,29,89,215,395,280,13,42,12,240,12
2004,20,33,80,251,321,297,12,34,3,222,9
2004,21,11,83,139,349,278,7,31,51,115,6
2004,22,10,74,74,338,317,9,13,67,148,11
2004,23,9,79,80,267,312,13,73,46,103,5
2004,24,6,59,85,250,268,10,17,37,117,2
2004,25,8,45,172,232,253,7,31,47,91,1
2004,26,6,12,54,225,235,6,25,50,84,1
2004,27,6,29,48,232,235,21,12,37,90,0
2004,28,6,57,126,269,229,11,26,35,75,2
2004,29,3,48,11,235,202,19,22,37,81,1
2004,30,4,49,44,271,189,13,20,45,84,0
2004,31,6,36,127,217,184,7,33,42,78,3
2004,32,8,43,146,232,212,7,28,51,80,2
2004,33,18,33,50,296,214,17,32,39,70,1
2004,34,9,36,58,297,225,19,33,37,83,2
2004,35,10,40,156,326,252,21,35,28,91,1
2004,36,12,53,54,318,256,17,34,61,107,1
2004,37,13,60,190,298,285,23,40,68,145,0
2004,38,11,92,131,302,292,28,36,60,136,1
2004,39,14,57,198,307,266,22,60,51,140,1
2004,40,85,209,423,902,625,281,86,167,354,39
2004,41,119,148,625,1103,675,231,82,200,402,46
2004,42,105,177,638,1249,683,382,118,289,324,54
2004,43,119,226,819,1170,810,255,104,317,493,56
2004,44,146,210,746,1113,895,276,147,379,568,71
2004,45,214,228,719,1284,906,320,149,433,620,96
2004,46,158,324,590,1425,951,246,143,309,752,85
2004,47,147,270,646,1286,859,267,112,289,712,125
2004,48,260,336,752,1638,953,378,130,264,584,112
2004,49,292,466,786,1453,961,261,144,334,624,107
2004,50,301,491,779,1635,930,292,170,363,682,112
2004,51,431,674,674,1386,843,296,192,266,822,105
2004,52,624,751,946,1536,1277,352,179,377,1101,136
2005,1,701,751,1059,1533,1470,451,202,668,1066,140
2005,2,656,648,964,1489,1621,423,237,765,1324,196
2005,3,697,522,879,1950,1919,636,410,839,1295,181
2005,4,678,641,1169,2934,2648,886,571,1069,1644,182
2005,5,708,700,1782,3724,3656,1600,834,1261,1753,174
2005,6,751,811,1880,5163,4340,1950,978,1364,1862,270
2005,7,612,694,2505,5177,4391,2023,689,1444,2157,239
2005,8,456,617,1607,4825,3714,1576,532,1174,1794,335
2005,9,377,504,1251,3971,3001,1094,391,965,1419,261
2005,10,304,464,1225,3600,2350,960,260,671,1533,234
2005,11,270,401,1169,2732,1979,662,232,583,1338,136
2005,12,206,409,905,2352,1465,452,159,568,1249,135
2005,13,225,321,735,1708,1304,389,104,462,986,95
2005,14,167,233,511,1313,848,321,77,388,890,68
2005,15,120,224,526,1042,749,288,27,368,1034,67
2005,16,109,182,517,969,679,307,29,243,765,25
2005,17,107,163,393,1024,516,349,10,226,816,42
2005,18,96,124,392,811,463,258,43,174,587,42
2005,19,35,143,407,782,477,275,19,186,652,36
2005,20,33,102,251,735,392,197,12,161,615,33
2005,21,39,73,183,594,377,177,4,107,464,38
2005,22,23,87,191,607,398,162,7,105,440,79
2005,23,35,102,182,486,241,142,0,128,393,35
2005,24,24,75,155,479,317,132,0,121,306,5
2005,25,24,73,129,462,323,110,0,81,409,17
2005,26,24,69,134,414,301,105,4,3,294,11
2005,27,21,32,127,364,303,82,2,8,243,16
2005,28,32,60,134,303,264,111,0,5,219,20
2005,29,23,59,148,272,283,94,5,8,158,18
2005,30,21,46,116,304,251,101,3,13,120,15
2005,31,15,54,145,292,246,91,1,5,124,9
2005,32,16,47,166,327,268,80,0,4,102,13
2005,33,25,34,61,331,244,71,2,6,134,20
2005,34,22,9,148,200,260,109,3,5,155,11
2005,35,14,44,126,208,257,209,5,6,143,21
2005,36,25,64,180,193,281,132,2,8,152,24
2005,37,21,57,244,148,270,138,4,9,118,17
2005,38,30,95,230,169,293,190,17,12,160,23
2005,39,35,94,251,212,243,171,8,15,158,17
2005,40,167,281,515,602,609,220,65,585,509,33
2005,41,156,300,501,864,732,241,39,163,534,52
2005,42,216,349,379,1074,816,287,50,267,635,49
2005,43,218,341,425,1088,844,287,74,236,682,53
2005,44,224,514,469,1198,970,310,61,254,946,59
2005,45,302,524,511,1227,870,371,66,268,822,77
2005,46,293,469,496,1289,919,462,79,297,891,81
2005,47,258,393,430,1216,906,365,71,192,907,64
2005,48,270,582,532,1370,1027,489,101,403,1094,98
2005,49,281,512,457,1602,905,514,62,388,1526,124
2005,50,267,498,505,1676,914,710,74,752,2116,185
2005,51,231,489,530,1723,966,926,117,901,2518,176
2005,52,293,455,655,2014,1138,1132,149,942,1864,200
2006,1,239,364,808,2057,1312,1188,130,637,1472,132
2006,2,272,429,934,2017,1202,1162,220,533,951,162
2006,3,264,379,977,2033,1174,1314,296,474,819,128
2006,4,340,487,977,2445,1411,1431,392,505,1008,118
2006,5,430,603,710,2795,1485,1329,436,579,1037,147
2006,6,483,717,991,3282,1765,1187,473,588,813,128
2006,7,545,593,1002,3652,1852,1472,435,599,978,98
2006,8,555,541,1315,3804,2091,1354,479,694,942,126
2006,9,613,623,1167,3426,2076,1387,354,746,831,120
2006,10,614,554,1690,2693,2292,1179,270,767,1050,152
2006,11,515,446,1489,2225,1897,751,152,609,1076,162
2006,12,488,533,1176,1519,1611,732,135,612,1120,138
2006,13,460,426,1103,1473,1464,748,101,445,1003,90
2006,14,426,242,652,1133,1066,832,55,324,934,74
2006,15,385,299,473,764,799,671,48,266,776,66
2006,16,273,227,394,671,660,519,30,142,514,120
2006,17,190,231,273,691,533,504,28,122,505,100
2006,18,154,182,256,626,450,386,31,120,493,82
2006,19,118,147,320,572,437,388,43,69,429,69
2006,20,45,125,292,626,421,366,25,100,355,73
2006,21,43,143,238,554,387,252,25,60,304,55
2006,22,39,96,216,452,221,299,28,58,179,57
2006,23,28,49,184,401,271,309,25,527,222,59
2006,24,33,90,143,355,273,201,20,39,229,47
2006,25,26,83,137,308,242,204,23,48,184,45
2006,26,29,33,142,288,229,216,23,38,245,28
2006,27,32,68,134,248,212,220,17,51,196,37
2006,28,26,67,137,319,229,198,17,372,223,29
2006,29,20,27,128,313,232,162,19,460,153,39
2006,30,22,26,125,310,175,197,26,378,163,33
2006,31,17,28,122,241,239,201,27,394,133,26
2006,32,25,33,66,192,165,227,22,448,158,37
2006,33,15,22,105,185,233,275,22,410,148,42
2006,34,19,22,91,234,245,246,25,50,159,47
2006,35,33,23,108,220,254,337,27,52,126,44
2006,36,20,19,148,279,310,330,28,67,203,59
2006,37,34,32,125,277,304,254,20,51,261,48
2006,38,17,42,133,290,328,246,24,56,306,45
2006,39,35,45,103,242,282,290,30,82,265,59
2006,40,143,117,499,987,830,342,89,868,557,81
2006,41,129,151,478,1037,839,434,86,191,642,85
2006,42,186,226,528,1123,885,752,138,189,639,71
2006,43,202,220,490,1266,913,755,149,141,651,101
2006,44,236,219,522,1474,912,835,155,142,801,84
2006,45,205,290,429,1712,1013,1191,154,282,768,95
2006,46,244,322,518,1963,1186,1260,157,195,738,85
2006,47,248,372,485,1811,903,1179,132,193,743,90
2006,48,235,534,638,2330,1155,1237,220,206,868,107
2006,49,282,478,625,2702,1253,1299,262,141,972,108
2006,50,326,526,707,4130,1403,1603,296,219,1062,124
2006,51,271,645,719,3769,1601,1389,378,249,1055,116
2006,52,338,435,695,2453,1858,1360,375,296,995,108
2007,1,359,598,694,2021,1673,1255,335,245,1102,104
2007,2,309,490,612,1839,1508,1198,318,255,1095,137
2007,3,380,512,598,1776,1473,1150,346,266,1241,167
2007,4,309,691,708,2389,1895,2096,536,349,1703,212
2007,5,419,670,621,2623,2462,2127,678,373,1912,235
2007,6,520,730,774,3335,2458,2699,672,422,2242,345
2007,7,496,703,673,3391,2446,2755,575,791,1844,357
2007,8,512,648,679,3504,2460,2940,572,753,1708,272
2007,9,520,547,749,2735,2091,2433,344,708,1395,279
2007,10,459,579,779,2299,2174,1891,272,668,1391,203
2007,11,417,731,764,1742,1973,1652,266,648,1203,201
2007,12,353,522,565,1499,1990,853,149,487,980,164
2007,13,377,477,606,1055,1245,935,103,374,818,158
2007,14,322,363,426,813,885,1026,93,283,689,58
2007,15,284,275,364,973,818,1059,99,168,776,53
2007,16,214,219,309,867,800,792,95,198,625,60
2007,17,180,206,224,781,737,725,83,126,560,73
2007,18,127,168,180,607,594,650,65,119,517,50
2007,19,94,140,221,503,520,644,84,124,477,53
2007,20,37,157,170,402,496,595,63,88,395,39
2007,21,33,165,175,383,498,505,20,69,335,60
2007,22,41,129,134,386,384,515,20,95,296,58
2007,23,25,105,118,262,305,456,14,75,290,29
2007,24,35,115,113,241,269,433,10,81,295,22
2007,25,41,109,101,169,277,383,12,65,264,35
2007,26,42,74,92,194,261,431,13,70,259,19
2007,27,32,85,66,205,220,283,14,63,169,32
2007,28,37,52,87,239,166,207,11,86,172,29
2007,29,31,53,69,172,230,378,18,84,149,27
2007,30,18,65,72,264,228,414,14,73,173,35
2007,31,20,50,58,163,150,320,10,63,176,27
2007,32,21,45,61,217,250,264,14,83,188,29
2007,33,26,72,74,235,237,356,13,66,171,33
2007,34,31,69,68,259,249,419,11,66,248,28
2007,35,32,44,91,292,298,406,15,77,243,28
2007,36,29,32,135,318,340,282,17,92,282,27
2007,37,33,41,129,226,329,500,30,70,300,36
2007,38,43,44,131,174,381,710,25,72,289,44
2007,39,62,67,526,142,371,566,18,59,358,59
2007,40,173,1082,629,1404,695,866,72,172,495,53
2007,41,189,1051,782,1509,752,1076,48,268,696,73
2007,42,190,1281,722,1618,813,1159,101,274,718,65
2007,43,244,1332,786,1615,959,1253,116,280,776,73
2007,44,249,1528,753,1766,927,1371,165,365,684,107
2007,45,241,1678,832,2006,1070,1474,103,389,755,139
2007,46,209,1657,898,2534,1147,1357,101,417,640,144
2007,47,211,1613,953,2229,922,1419,104,267,710,142
2007,48,251,1852,983,2194,1037,1563,120,290,770,111
2007,49,256,1728,921,2082,1016,1065,175,321,741,131
2007,50,222,1896,412,2093,1064,869,174,293,932,136
2007,51,197,1867,1100,2094,1161,805,113,342,954,117
2007,52,215,1968,1047,1959,1227,858,156,316,1051,105
2008,1,245,2000,1041,1998,1418,1170,181,310,1226,117
2008,2,266,1910,1105,2062,1500,2024,235,388,1485,140
2008,3,228,2019,1222,2568,1911,1786,267,381,1623,192
2008,4,309,2564,1560,3834,2614,2928,416,542,2152,252
2008,5,507,3246,1987,6558,3619,4462,818,823,2439,353
2008,6,922,3952,3095,9549,4583,4480,1083,1025,2816,391
2008,7,1049,3998,3057,8406,4787,4175,1330,1260,3181,382
2008,8,1017,3745,3107,8484,4673,3428,1443,1399,2524,425
2008,9,940,3296,2399,6495,4198,2693,1316,1341,2003,346
2008,10,860,3006,1918,4575,3568,2478,894,1210,1522,223
2008,11,612,2808,1576,3705,3153,1588,604,1056,1397,215
2008,12,494,2272,1269,2793,2477,1359,391,770,1045,170
2008,13,365,2028,999,2134,1926,991,367,524,920,122
2008,14,324,1707,834,1775,1431,1084,307,349,675,97
2008,15,257,1479,732,1492,1078,950,171,259,529,98
2008,16,191,1247,630,1234,914,907,152,222,518,64
2008,17,165,1011,568,1161,758,434,105,176,503,72
2008,18,125,886,554,962,648,355,62,144,401,87
2008,19,72,975,517,826,541,424,55,145,379,77
2008,20,46,939,554,856,490,384,34,131,403,67
2008,21,30,980,527,806,476,344,40,118,245,80
2008,22,27,1091,557,676,572,512,23,92,196,57
2008,23,39,980,425,529,367,275,26,80,159,53
2008,24,26,912,405,495,279,434,26,89,175,65
2008,25,27,930,382,445,331,344,25,99,193,66
2008,26,24,829,367,460,252,264,32,80,189,37
2008,27,25,786,351,412,229,294,27,73,172,36
2008,28,29,735,335,422,232,324,29,68,207,50
2008,29,31,708,289,341,209,414,23,79,183,42
2008,30,31,603,271,402,219,313,29,58,187,53
2008,31,25,605,298,384,266,390,23,66,162,70
2008,32,17,635,254,382,312,336,27,67,160,30
2008,33,19,590,269,547,253,353,22,75,203,37
2008,34,32,560,287,501,268,263,18,82,185,41
2008,35,36,630,270,757,286,137,17,88,169,39
2008,36,35,659,344,580,276,227,24,82,186,48
2008,37,42,623,315,562,302,532,36,134,204,38
2008,38,45,927,564,856,314,598,26,122,211,72
2008,39,48,967,605,771,304,256,22,104,259,64
2008,40,160,1014,893,1526,598,650,73,139,544,90
2008,41,190,1154,848,1688,644,574,53,104,604,100
2008,42,140,1136,836,1553,687,477,100,200,642,125
2008,43,199,1126,1010,1876,770,513,70,161,639,121
2008,44,226,1159,1071,2289,688,722,43,135,519,135
2008,45,287,1338,1241,2134,835,543,40,172,550,157
2008,46,266,1384,1261,2482,846,522,61,121,605,119
2008,47,252,1431,1153,2438,878,633,106,113,611,118
2008,48,201,1662,1222,2275,861,554,54,140,575,90
2008,49,304,1934,1433,2518,904,641,48,142,648,136
2008,50,276,1875,1435,2625,974,536,43,150,642,133
2008,51,218,2103,395,2450,906,700,69,128,709,134
2008,52,201,2045,1592,2446,872,637,35,143,655,80
2008,53,196,2196,882,2445,917,688,40,142,976,121
2009,1,216,2036,1450,2195,959,709,63,154,1079,95
2009,2,268,2007,1374,2278,928,946,62,167,1133,126
2009,3,342,2376,1611,2905,1142,1441,91,238,1166,144
2009,4,489,2720,2098,3809,1358,1825,149,296,1425,155
2009,5,1066,2912,2564,5082,1920,2298,204,423,1591,208
2009,6,1293,3163,3594,6356,2131,2511,254,453,1667,245
2009,7,1061,3163,3694,5125,2189,2104,279,336,1722,349
2009,8,941,2696,4147,5550,2256,1765,377,549,1805,364
2009,9,581,2403,3433,4896,2531,1534,432,572,1672,387
2009,10,462,2478,2465,4208,2132,1280,268,572,1437,409
2009,11,424,2362,2265,3118,1657,1118,252,498,1233,350
2009,12,340,2177,2032,2587,1436,845,178,388,1154,263
2009,13,296,1805,1699,2028,1219,691,178,348,1183,222
2009,14,210,1624,1487,1720,1037,836,119,202,1033,192
2009,15,117,1289,1249,1693,984,537,85,232,888,148
2009,16,133,1285,1063,1692,913,687,90,275,1071,139
2009,17,387,4852,2267,3520,2013,1807,148,363,3003,267
2009,18,299,3234,2186,3152,1647,1431,127,383,1785,334
2009,19,241,4704,1533,1748,1285,1197,116,253,1243,234
2009,20,143,13809,1436,1459,1262,875,96,253,1211,230
2009,21,170,15955,1340,1336,1163,843,85,282,1071,149
2009,22,310,11050,1215,1103,1224,714,47,392,877,173
2009,23,278,6496,1599,1102,1192,502,39,297,756,131
2009,24,256,4294,1942,1223,1187,603,26,394,727,128
2009,25,150,2825,1646,1471,880,563,46,334,759,127
2009,26,150,1932,1384,1576,618,666,38,225,741,92
2009,27,123,1417,1155,1268,600,662,37,140,809,79
2009,28,93,1071,997,1471,553,687,50,117,859,66
2009,29,82,1008,930,1566,527,654,64,73,757,74
2009,30,71,925,904,1576,530,531,54,131,758,107
2009,31,59,940,918,1524,590,507,46,77,789,76
2009,32,44,969,856,1804,588,613,79,93,728,103
2009,33,75,973,966,3436,583,1753,117,104,828,106
2009,34,102,1167,1062,6159,778,3224,641,144,940,339
2009,35,144,1426,1318,10272,1583,3982,516,331,1397,381
2009,36,174,1775,2159,9906,2150,3367,610,483,1497,440
2009,37,350,1828,2961,9923,2307,5142,652,777,1743,408
2009,38,486,2133,3349,8539,2279,3444,933,974,1810,507
2009,39,447,1904,3578,8446,2467,5356,1002,1609,2331,779
2009,40,665,2402,6445,11213,4968,9116,2602,4706,4698,1605
2009,41,930,2745,9239,10352,7224,9027,3878,7201,5882,1718
2009,42,1883,4780,15928,9814,11269,7747,4409,7275,4404,1559
2009,43,3222,6327,16526,9640,10959,5809,3135,4902,4648,1243
2009,44,4703,6263,11369,8489,8776,5606,2561,4171,4260,819
2009,45,3365,6135,7475,7048,6334,4183,1709,2445,3382,653
2009,46,2273,5020,4818,6212,4155,3502,984,1616,3488,452
2009,47,861,4334,2868,4517,2315,2740,678,1094,2870,231
2009,48,775,3848,2604,4754,1992,3014,760,817,2877,289
2009,49,595,3348,2505,4170,1889,2749,574,824,2451,220
2009,50,434,3182,2271,3880,1448,2427,453,746,2069,171
2009,51,270,2719,2164,3452,1454,1979,364,507,1521,145
2009,52,267,3010,2203,3414,1417,2334,381,602,1810,175
2010,1,276,2342,2114,3052,1314,2278,418,591,1721,193
2010,2,235,2270,1856,3124,1239,2614,360,445,1776,169
2010,3,278,2432,1811,3525,1326,2463,471,691,1582,178
2010,4,302,2072,2010,3459,1319,2331,443,883,2046,257
2010,5,352,2204,1734,3728,1441,2744,682,763,2162,227
2010,6,327,2205,1424,3651,1493,2323,691,792,2246,229
2010,7,366,2029,1470,3846,1407,2741,707,645,1567,287
2010,8,288,1713,1569,4307,1152,3035,650,867,2257,249
2010,9,234,1424,1738,3558,1032,2629,764,769,2137,201
2010,10,228,1489,1697,4068,896,2661,542,739,1858,176
2010,11,183,1710,1605,3277,922,1841,548,606,1763,146
2010,12,189,1632,1470,2897,754,1671,379,590,1495,114
2010,13,191,1563,1331,2525,730,1390,323,542,1665,99
2010,14,249,1258,1101,2050,670,1283,302,488,1302,110
2010,15,170,1488,1007,2002,706,1262,236,455,1397,78
2010,16,124,1492,1108,1875,563,1146,195,578,1208,73
2010,17,120,1450,1124,1800,609,1257,207,493,1265,115
2010,18,161,1353,1147,1707,606,1128,172,381,1186,73
2010,19,107,1308,998,1746,484,1083,222,395,1269,85
2010,20,114,1284,1099,1697,647,895,163,391,1250,63
2010,21,122,1143,1016,1493,595,896,146,318,1070,54
2010,22,94,1117,1011,1491,597,821,89,281,1022,72
2010,23,102,1008,868,1328,571,699,122,194,823,40
2010,24,92,1010,901,1158,573,533,90,158,758,43
2010,25,91,1106,746,1135,565,601,98,155,784,53
2010,26,79,1020,656,1070,482,489,80,124,695,23
2010,27,84,999,722,1017,481,488,76,132,656,36
2010,28,75,878,569,845,437,492,80,146,669,43
2010,29,89,810,577,837,334,506,68,107,582,40
2010,30,79,825,538,837,317,404,111,136,557,46
2010,31,78,863,555,874,402,467,54,98,642,44
2010,32,91,780,535,1009,451,350,60,119,569,44
2010,33,71,795,620,1090,500,576,51,140,626,49
2010,34,69,701,667,1335,424,538,84,160,395,47
2010,35,57,703,679,1365,455,791,86,216,619,36
2010,36,77,894,815,1466,558,828,94,245,447,69
2010,37,101,907,869,1137,589,739,109,259,742,58
2010,38,115,1184,1018,1441,656,843,124,260,1032,68
2010,39,97,1082,930,1383,521,963,151,237,943,80
2010,40,252,1259,1119,1830,758,1638,216,315,999,87
2010,41,307,1494,1276,2008,900,1575,227,257,1144,159
2010,42,338,1419,1314,2059,987,1705,241,291,1191,139
2010,43,345,1476,1335,2208,1003,1693,213,306,1167,158
2010,44,338,1518,1357,2567,1129,1967,178,354,1430,182
2010,45,302,1804,1495,3030,1073,2093,306,290,1239,175
2010,46,395,2047,1512,3832,1072,2065,270,318,1621,204
2010,47,321,2172,1464,3537,917,1708,162,236,1407,155
2010,48,412,2799,1659,3522,1037,2076,323,344,1669,156
2010,49,423,3010,1605,4034,1091,1952,318,339,2025,161
2010,50,440,3680,1574,6018,1138,2221,362,326,2139,124
2010,51,405,4471,1858,6596,1341,2400,335,302,2025,166
2010,52,411,4173,2131,6147,1613,3062,375,332,1916,186
2011,1,508,3873,2380,5506,1677,2909,389,357,2237,190
2011,2,555,3496,2754,4962,1928,3535,380,409,2460,242
2011,3,568,3251,3895,6652,2720,5130,489,627,2649,276
2011,4,780,3060,4800,8480,3783,5714,878,781,3364,335
2011,5,929,3110,5633,9072,3708,6357,862,967,3267,379
2011,6,1198,3338,5488,8788,3668,5785,943,1238,3593,417
2011,7,1339,3363,5605,8188,3659,7688,1186,1274,3687,578
2011,8,1252,3238,4889,6697,3236,5715,1276,1163,3306,505
2011,9,1035,2653,3835,4467,2962,3853,1056,1104,3090,572
2011,10,960,2283,2830,3443,2557,2944,838,1002,2976,544
2011,11,756,2216,2443,2968,2215,2462,500,815,2545,389
2011,12,616,2042,1869,2490,1717,2031,353,676,1901,336
2011,13,683,2068,1765,2302,1558,1674,257,498,1910,242
2011,14,579,2093,1533,2009,1295,1562,230,361,1624,212
2011,15,499,1702,1133,1775,929,1177,196,331,1456,193
2011,16,390,1626,1121,1606,892,1089,148,272,1399,152
2011,17,368,1385,907,1516,757,1074,116,253,1322,132
2011,18,341,1300,936,1399,714,1002,84,215,1196,120
2011,19,286,1436,936,1331,787,987,95,186,1096,96
2011,20,274,1237,953,1273,616,884,91,185,907,110
2011,21,294,1439,863,1124,529,716,73,155,794,85
2011,22,247,1282,841,1215,675,697,25,123,747,94
2011,23,294,1263,836,1009,531,616,26,122,769,81
2011,24,246,1181,806,848,428,673,8,116,610,73
2011,25,214,1032,653,763,424,575,24,88,592,83
2011,26,187,949,633,698,506,513,8,84,567,73
2011,27,183,849,636,757,485,456,10,104,479,50
2011,28,203,740,542,684,328,553,8,86,533,44
2011,29,207,640,525,686,418,499,18,110,450,44
2011,30,188,692,513,629,416,515,19,104,424,38
2011,31,183,651,494,570,438,479,11,126,222,28
2011,32,194,675,507,719,394,470,12,109,402,41
2011,33,189,640,565,900,443,555,8,116,420,38
2011,34,184,709,601,1078,512,664,17,129,525,25
2011,35,182,661,606,1052,552,828,30,178,557,71
2011,36,172,690,682,1145,564,808,59,163,460,70
2011,37,214,793,891,1373,596,740,103,193,602,62
2011,38,214,795,1109,1258,708,701,56,294,604,83
2011,39,273,1080,1263,1463,749,770,69,292,667,82
2011,40,280,1672,1340,1748,1232,1354,223,499,877,140
2011,41,401,1868,1424,1805,1213,1203,211,528,1000,150
2011,42,381,1813,1414,1791,1206,1376,184,515,1147,131
2011,43,432,1822,1508,1791,1190,1388,280,537,1196,154
2011,44,450,2223,1546,2020,1301,1472,303,592,1312,177
2011,45,471,2248,1681,2233,1255,1409,255,600,1190,154
2011,46,391,2285,1661,2010,1235,1644,220,617,1467,191
2011,47,335,2306,1487,1934,1146,1296,166,580,988,139
2011,48,431,2663,1739,1911,1209,1510,276,567,981,192
2011,49,377,2746,1557,2003,1096,1206,212,547,1307,136
2011,50,448,2731,1691,2129,1184,1454,333,609,1379,179
2011,51,448,2775,1681,2270,1180,1380,269,566,1230,159
2011,52,408,2657,1938,2424,1371,1297,342,596,1147,176
2012,1,419,2636,1779,2067,1240,1445,313,633,1291,169
2012,2,455,2140,1513,2229,1258,1384,364,700,1357,143
2012,3,433,2221,1645,2347,1250,1455,407,680,1346,155
2012,4,486,2155,1655,2612,1435,1642,464,827,1719,214
2012,5,468,2158,1746,2872,1659,1710,643,989,1961,242
2012,6,475,2131,1672,3013,1498,1936,747,1010,1913,229
2012,7,480,2177,1826,3137,1884,2128,839,1081,2073,304
2012,8,449,2398,1740,2901,2163,2205,807,1182,2036,256
2012,9,417,2215,1691,2996,2169,2561,917,1215,2030,307
2012,10,381,2207,1714,3056,2457,2087,859,1171,1533,298
2012,11,406,2468,1679,3040,2810,2593,679,1324,1793,358
2012,12,473,2350,1610,2593,2174,1973,396,940,1637,378
2012,13,358,2179,1439,2207,1531,1825,273,858,2075,272
2012,14,438,2186,1305,1983,1464,1565,211,694,1779,305
2012,15,456,2030,1238,1764,1306,1382,177,641,1396,342
2012,16,381,2013,1214,1730,1184,1450,165,566,1127,293
2012,17,322,1654,1145,1566,1113,1290,157,563,1304,256
2012,18,269,1741,1124,1397,1059,1250,143,447,1315,254
2012,19,301,1865,991,1407,821,1175,97,449,1278,192
2012,20,246,1737,947,1393,746,1135,77,441,1183,157
2012,21,253,1616,874,1568,620,1228,59,370,1167,123
2012,22,214,1509,873,1502,646,816,26,484,981,102
2012,23,206,1493,858,1315,604,916,8,389,890,86
2012,24,205,1451,867,1116,472,807,9,339,796,71
2012,25,216,1530,789,950,492,832,5,317,855,62
2012,26,225,1522,735,918,486,867,6,267,707,53
2012,27,185,1329,685,925,486,769,18,238,614,42
2012,28,220,1387,629,804,517,743,15,236,594,40
2012,29,203,1206,679,704,475,739,11,242,626,46
2012,30,182,1132,686,885,545,683,14,266,668,42
2012,31,182,1024,675,852,607,801,19,252,710,37
2012,32,201,986,652,816,484,853,9,226,755,44
2012,33,191,989,688,999,524,799,13,285,529,34
2012,34,159,1183,741,1215,648,1021,54,267,816,37
2012,35,182,973,825,1198,717,1055,59,312,953,44
2012,36,196,1036,883,1119,657,1023,67,383,875,57
2012,37,233,1237,1083,1096,860,1279,91,407,1038,58
2012,38,231,1407,1229,1151,827,1291,76,331,1034,79
2012,39,236,1405,1240,1217,822,1324,98,379,988,98
2012,40,322,1570,1353,1549,1100,1558,254,421,1142,126
2012,41,295,1734,1435,1682,1127,1894,255,437,1167,132
2012,42,438,1921,1456,1690,1214,1643,323,446,1310,144
2012,43,334,1989,1497,1842,1129,2026,285,416,1267,128
2012,44,314,1584,1447,1987,1253,2100,378,529,1297,172
2012,45,337,1656,1585,2517,1392,2731,340,523,1413,180
2012,46,373,1902,1705,3048,1384,2620,415,582,1364,230
2012,47,325,2150,1915,3539,1345,3057,357,652,1108,202
2012,48,516,2792,2278,4492,1838,3521,510,864,1481,229
2012,49,734,3493,3210,7234,2472,4386,581,1021,1509,237
2012,50,1071,4046,4462,7345,3389,5219,670,1245,1667,318
2012,51,1485,5047,6338,6660,4005,5987,868,1844,1808,290
2012,52,1380,5426,7539,6746,3889,6309,1105,2039,1755,400
2013,1,1344,5450,7018,5301,3545,5924,1173,2143,1852,353
2013,2,1682,6947,8120,5575,3993,6636,1323,2473,2651,496
2013,3,1541,7593,7090,4835,3818,6344,1444,2517,3703,556
2013,4,1283,5890,3683,3759,3152,6220,1393,2275,4245,526
2013,5,1191,4819,4053,3910,2976,5001,1282,2050,4001,525
2013,6,919,4164,3192,3466,2719,3856,1101,1805,3282,483
2013,7,801,3665,3311,3293,2437,3229,811,1473,2929,372
2013,8,657,3982,3197,3135,2182,2815,622,1285,2329,315
2013,9,658,3485,3203,3010,2208,2755,479,1120,2087,226
2013,10,600,3430,3196,3299,1964,2744,456,980,2004,156
2013,11,594,3217,2953,3125,2005,2350,360,914,1695,179
2013,12,550,2870,2623,2740,1787,2189,277,702,1388,128
2013,13,616,2479,2346,2440,1565,2079,245,639,1196,109
2013,14,658,2230,1978,2092,1456,1947,196,598,1022,96
2013,15,678,1937,1762,1686,1242,1759,177,502,1013,62
2013,16,458,1901,1219,1313,1156,1612,148,464,852,65
2013,17,390,1771,1127,1100,1063,1547,165,481,884,61
2013,18,390,1792,1067,868,922,1395,141,496,857,58
2013,19,343,1724,978,891,927,1478,118,452,768,25
2013,20,274,1680,832,873,855,1505,92,394,776,36
2013,21,248,1510,809,828,757,1250,98,389,656,44
2013,22,216,1480,817,702,772,1134,83,400,562,24
2013,23,215,1349,708,520,813,1001,20,350,628,34
2013,24,248,1401,713,583,687,947,16,334,578,32
2013,25,197,1363,711,499,688,1101,22,305,565,23
2013,26,210,1217,621,490,649,927,12,283,492,14
2013,27,174,1179,566,461,587,910,8,217,394,10
2013,28,196,1185,532,399,622,896,8,244,407,21
2013,29,187,1074,517,397,511,808,11,245,414,22
2013,30,166,983,509,469,533,783,10,318,444,18
2013,31,172,946,463,442,483,699,8,257,406,10
2013,32,173,887,517,458,450,822,64,267,419,18
2013,33,160,757,572,507,545,905,55,224,430,13
2013,34,164,811,357,736,520,1047,54,223,390,15
2013,35,162,807,620,823,583,1327,20,160,537,14
2013,36,77,802,894,832,625,1543,72,283,486,12
2013,37,165,899,1007,921,748,1792,97,138,583,24
2013,38,195,1321,1161,848,806,1936,80,157,576,30
2013,39,265,1565,1129,1040,828,2058,143,254,644,37
2013,40,368,1819,1296,1466,1230,1910,182,408,968,73
2013,41,390,1665,1304,1565,1381,2153,236,491,1195,73
2013,42,421,1769,1420,1714,1371,2135,217,391,1146,89
2013,43,391,2032,1566,2108,1508,2393,276,538,1157,81
2013,44,403,2099,1560,2221,1572,2362,268,646,1295,85
2013,45,434,2135,1580,2591,1600,2604,290,695,1520,65
2013,46,440,2139,1684,2596,1594,3152,243,595,1383,83
2013,47,385,2282,1721,2933,1577,3353,290,953,1471,71
2013,48,335,2276,1600,2650,1524,3183,220,894,1219,69
2013,49,440,2978,2097,4050,2001,4473,342,859,1610,92
2013,50,509,2695,1996,3778,2011,5175,395,967,1767,129
2013,51,527,3088,2560,4636,2504,6711,640,1729,2123,218
2013,52,513,3434,3256,4291,2829,7448,746,1700,2149,382
2014,1,509,3356,3982,4765,2988,7796,824,1480,2531,479
2014,2,689,3416,4281,4233,2762,6658,778,1572,3124,576
2014,3,861,3862,4913,4294,2885,5749,914,1380,3290,427
2014,4,889,3322,4366,3732,2695,4686,845,1249,3325,323
2014,5,1004,3293,3770,3220,2255,4562,808,1080,3208,254
2014,6,1036,3286,3314,2893,2100,3946,529,1033,2787,214
2014,7,868,2791,2937,2176,2054,3363,470,921,2425,167
2014,8,702,2657,2851,1962,2118,3328,414,928,2057,157
2014,9,672,2444,2524,1847,2084,2973,386,813,2056,109
2014,10,648,2795,2236,1628,1865,2894,308,762,1745,140
2014,11,545,3347,1955,1197,1853,2472,353,708,1403,75
2014,12,665,4291,1970,1268,1727,2551,255,646,1370,93
2014,13,650,4810,1861,1211,1787,2314,196,571,1122,71
2014,14,825,4623,1964,1093,1786,2314,230,575,1038,105
2014,15,976,4224,1879,1012,1728,2424,188,548,1051,89
2014,16,789,2946,1447,982,1485,2198,167,461,1030,101
2014,17,629,2410,1383,906,1539,2082,176,511,924,110
2014,18,513,2025,1298,849,1436,1816,144,470,955,79
2014,19,490,2182,1286,807,1500,1808,141,398,939,102
2014,20,389,2058,1192,646,1214,1852,110,387,963,88
2014,21,289,1907,1302,661,1172,1795,99,384,830,53
2014,22,217,1746,1125,626,919,1599,109,321,716,27
2014,23,271,1759,1066,659,1018,1448,12,93,666,27
2014,24,236,1609,948,497,890,1321,13,258,620,23
2014,25,224,1842,916,439,878,1173,17,46,507,19
2014,26,231,1707,815,365,611,1096,8,228,436,13
2014,27,142,1403,771,404,491,999,11,204,211,10
2014,28,112,1407,619,225,418,684,7,181,131,14
